"","plant_ID","customer_ID","market_code","material_type_ID","available_tons"
"1",3,328,2,6,162.1475
"2",3,219,2,6,75.3
"3",3,173,6,6,165.5425
"4",3,998,1,6,0
"5",3,94,6,6,0.8625
"6",3,115,2,6,2.138
"7",3,765,2,6,4.355
"8",3,115,6,5,1.295
"9",3,199,2,5,28.6425
"10",3,35,2,5,5.42
"11",3,67,2,5,139.18
"12",3,134,3,5,130.8825
"13",3,296,2,5,8.22
"14",3,468,2,5,51.0775
"15",3,636,10,5,26.3375
"16",3,143,2,5,0
"17",3,992,2,5,5.855
"18",3,450,2,5,76.01
"19",3,889,21,5,0
"20",3,496,24,5,5.2075
"21",3,548,1,5,1.165
"22",3,388,1,5,0
"23",3,215,2,5,38.375
"24",3,345,3,5,52.5825
"25",3,880,10,5,0
"26",3,473,2,5,2.61
"27",3,159,2,5,66.46481175
"28",3,704,1,5,7.22
"29",3,856,1,5,3.985
"30",3,115,6,10,12.37
"31",3,495,20,10,41.405
"32",3,94,6,10,73.285
"33",3,130,6,10,2.925
"34",3,344,10,10,29.3975
"35",3,28,17,12,1695.065332
"36",3,173,17,12,577.8253765
"37",3,468,17,12,24.9311235
"38",3,26,17,12,776.1177569
"39",3,295,17,12,35.7936337
"40",3,370,17,12,164.781239
"41",3,821,17,12,38.7565
"42",3,366,17,12,4.783136
"43",3,37,17,12,134.4754775
"44",3,279,17,12,24.5812002
"45",3,296,17,12,90.84
"46",3,100,17,12,55.3305
"47",3,37,6,7,0
"48",3,256,1,7,4.4275
"49",3,435,17,11,0.182885
"50",3,371,12,11,0.2187675
"51",3,24,2,2,202.24
"52",7,16,1,3,12.735
"53",7,208,6,8,114.215
"54",7,84,6,8,178.33325
"55",7,613,10,10,0
"56",7,406,17,12,52.477075
"57",7,144,17,12,1345.364385
"58",7,267,17,12,241.463418
"59",7,3,17,12,759.0512884
"60",7,708,17,12,37.39369645
"61",7,84,17,12,1629.873175
"62",7,373,17,12,287.98
"63",7,898,17,12,22.465
"64",7,103,17,12,64.5
"65",7,87,17,12,6.657
"66",7,470,17,12,1.6840625
"67",7,423,17,12,79.0575
"68",7,269,17,12,95.2310446
"69",7,19,6,7,21.045
"70",7,1004,11,7,0
"71",7,274,1,7,24.73
"72",7,51,6,7,95.845
"73",7,455,6,7,0
"74",7,144,6,13,9.0225
"75",7,15,12,11,137.0915905
"76",7,485,17,11,3.3511705
"77",7,767,17,11,1.3972677
"78",7,77,12,11,51.9336008
"79",7,137,1,1,27.6875
"80",7,2,2,1,40.7225
"81",7,423,6,1,88.8525
"82",7,522,6,2,6.59
"83",7,33,3,2,0
"84",7,253,20,2,24.25
"85",7,566,6,2,20.26
"86",2,323,2,3,8.4075
"87",2,3,2,8,159.9815
"88",2,9,5,4,27.71
"89",2,220,10,10,0
"90",2,24,17,12,3592.228188
"91",2,204,17,12,883.2915
"92",2,195,26,12,5.0122175
"93",2,59,17,12,956.5133107
"94",2,317,17,12,2.16605305
"95",2,142,17,12,603.175
"96",2,213,17,11,26.80539
"97",2,376,12,11,21.9825
"98",2,220,1,2,15.335
"99",2,142,1,2,0
"100",2,263,2,2,16.9325
"101",2,100,2,2,10.845
"102",2,216,7,2,96.515
"103",2,497,20,2,9.6975
"104",1,24,2,3,23.09
"105",1,24,2,10,18.152
"106",1,519,17,12,5.58028
"107",1,426,17,12,22.2326245
"108",1,234,17,12,244.0597153
"109",1,45,17,12,366.06
"110",1,166,17,12,457.268
"111",1,1153,17,12,23.665
"112",1,382,17,12,440.2840062
"113",1,1167,17,12,0.173888
"114",1,375,17,12,2.439866
"115",1,337,17,12,0.695552
"116",1,333,17,12,0.347776
"117",1,1163,17,12,0.521664
"118",1,305,17,12,20.765
"119",1,413,17,12,50.485
"120",1,163,17,12,66.1850401
"121",1,107,17,12,608.793
"122",1,134,17,12,160.005
"123",1,294,17,12,182.3515
"124",1,77,17,11,293.299542
"125",1,193,1,1,0
"126",1,30,1,1,0
"127",1,2,2,1,545.0015363
"128",1,163,1,1,0
"129",1,116,1,1,1556.21
"130",1,382,26,1,0
"131",1,602,8,1,0
"132",1,154,24,1,3.8
"133",1,294,14,1,0
"134",1,11,1,1,404.2249425
"135",1,488,1,1,16.7
"136",1,134,3,2,22.0925
"137",5,485,17,12,0.6834378
"138",5,255,17,12,0.56908305
"139",5,688,17,12,0.4332027
"140",5,1179,12,11,0
"141",12,338,12,12,2.5825
"142",13,1045,17,12,680.8585
"143",6,97,19,6,0
"144",6,296,2,5,15.239
"145",6,256,1,5,0
"146",6,113,7,5,0
"147",6,992,2,5,0
"148",6,56,2,5,5.355
"149",6,745,2,5,0.3475
"150",6,159,2,5,13.364
"151",6,26,2,10,11.374
"152",6,3,2,10,27.092
"153",6,370,17,12,118.9887474
"154",6,56,26,12,121.3433998
"155",6,53,17,12,493.712
"156",6,24,26,12,209.205
"157",6,111,2,12,143.9358188
"158",6,331,17,12,60.316491
"159",6,44,17,12,1824.281209
"160",6,74,17,12,486.2039625
"161",6,595,17,12,0.395968
"162",6,523,17,12,22.86
"163",6,126,17,12,251.6355
"164",6,404,26,12,1.2325
"165",6,77,12,11,17.2367793
"166",6,992,2,2,13.17
"167",4,21,17,12,131.949
"168",4,598,17,12,65.01
"169",4,319,17,12,1.73788695
"170",4,89,26,12,501.355
"171",4,37,6,7,23.355
"172",4,470,12,11,0.779888
"173",4,305,1,1,0
"174",4,68,7,1,0
"175",4,663,2,1,0
"176",4,102,1,1,10.265
"177",9,49,17,12,1680.976101
"178",8,768,2,5,0
"179",8,538,2,9,4.378
"180",8,395,7,9,0
"181",8,899,2,9,0
"182",8,362,2,9,12.125
"183",8,854,7,9,8.516
"184",8,1045,17,12,1907.4185
"185",8,97,17,12,6.346432
"186",8,659,17,12,20.8112666
"187",8,577,17,12,44.7925
"188",8,276,17,12,16.45221575
"189",8,1209,17,12,0.0636029
"190",8,1167,17,12,0.0636029
"191",8,449,17,12,0.1272058
"192",8,1154,17,12,0.0636029
"193",8,322,17,12,0.1908087
"194",8,254,17,12,0.1908087
"195",8,333,17,12,0.0636029
"196",8,201,17,12,0.1272058
"197",8,1179,17,12,0.0636029
"198",8,376,17,12,0.0636029
"199",8,1210,17,12,0.0636029
"200",8,1200,17,12,0.0636029
"201",8,992,20,11,16.1675
"202",15,1194,17,12,0.350196
"203",15,1167,17,12,0.175098
"204",15,641,17,12,0.175098
"205",15,551,17,12,0.350196
"206",15,1171,17,12,0.175098
"207",15,309,17,12,0.350196
"208",15,798,17,12,0.350196
"209",15,248,17,12,0.175098
"210",15,1186,17,12,0.175098
"211",15,1190,17,12,0.175098
"212",15,1210,17,12,0.175098
"213",15,255,17,12,0.350196
"214",15,299,17,12,0.350196
"215",15,1200,17,12,0.175098
"216",3,159,2,6,91.98
"217",3,67,2,6,296.03
"218",3,55,2,6,276.86
"219",3,279,19,6,18.91
"220",3,843,20,6,0
"221",3,387,2,6,1.51
"222",3,473,2,6,12.05
"223",3,468,20,5,5.465
"224",3,326,2,5,30.9825
"225",3,345,2,5,0.995
"226",3,74,2,5,0
"227",3,97,7,5,9.165
"228",3,595,2,5,32.745
"229",3,364,24,5,9.335
"230",3,70,2,5,76.1475
"231",3,642,7,5,17.0225
"232",3,15,7,5,4.995
"233",3,168,17,12,108.7047369
"234",3,70,17,12,126.7765839
"235",3,130,17,12,453.9692081
"236",3,296,26,12,21.785
"237",3,386,17,12,22.27
"238",3,55,17,12,724.2392815
"239",3,219,17,12,388.2047696
"240",3,328,17,12,184.010758
"241",3,487,17,12,22.88938925
"242",3,15,17,12,54.94850925
"243",3,371,17,12,5.58059425
"244",3,843,17,12,9.7525
"245",3,896,17,12,2.7179318
"246",3,496,17,12,15.99
"247",3,761,17,12,22.145
"248",3,484,17,12,192.21
"249",3,591,17,12,23.785
"250",3,571,17,11,1.2072725
"251",3,376,12,11,0
"252",3,236,2,2,4.575
"253",3,940,20,2,4.34
"254",7,149,2,8,32.2365
"255",7,373,2,8,2.8745
"256",7,152,6,10,8.4025
"257",7,306,2,10,3.9425
"258",7,130,10,10,10.125
"259",7,826,17,12,35.67046525
"260",7,486,17,12,53.63558425
"261",7,83,17,12,91.53
"262",7,35,17,12,127.314618
"263",7,442,17,12,87.2777275
"264",7,412,17,12,120.5169418
"265",7,793,17,12,1.8875
"266",7,184,17,12,813.9465
"267",7,264,17,12,67.2215
"268",7,322,17,12,8.0835
"269",7,767,17,12,0.4755
"270",7,170,26,12,262.243
"271",7,319,17,12,43.8725
"272",7,514,17,12,17.505
"273",7,315,17,12,20.7
"274",7,184,6,7,27.1725
"275",7,1004,22,7,24.53523175
"276",7,708,6,7,0
"277",7,695,6,7,0
"278",7,269,22,7,73.5575
"279",7,140,13,7,21.475
"280",7,322,12,11,23.9580291
"281",7,190,17,11,4.1918031
"282",7,191,20,2,17.6325
"283",7,275,6,2,5.695
"284",7,33,8,2,278.9425
"285",7,253,2,2,2.0225
"286",7,225,20,2,7.285
"287",2,41,4,3,3.6325
"288",2,226,2,8,16.999
"289",2,196,3,8,2.315
"290",2,26,2,10,3.8725
"291",2,4,17,12,6591.4765
"292",2,175,17,12,446.736
"293",2,212,17,12,43.324
"294",2,224,17,12,759.3945
"295",2,213,17,12,136.3643547
"296",2,472,17,12,20.214
"297",2,468,17,12,9.115
"298",2,265,17,12,86.84
"299",2,497,17,12,7.905
"300",2,267,6,7,22.14571435
"301",2,50,3,2,0
"302",2,24,20,2,1.5425
"303",2,198,2,2,157.18
"304",2,26,21,2,0
"305",2,212,2,2,9.8775
"306",2,82,1,2,4.12
"307",2,4,3,2,26.7675
"308",1,2,2,8,8.189
"309",1,10,1,12,614.2725
"310",1,10,17,12,3782.817
"311",1,349,17,12,28.561175
"312",1,24,17,12,4496.3635
"313",1,22,17,12,5126.575548
"314",1,77,17,12,268.0208484
"315",1,180,17,12,0.837042
"316",1,322,17,12,54.8372272
"317",1,767,17,12,3.069154
"318",1,255,17,12,7.6579428
"319",1,74,17,12,280.0235
"320",1,32,17,12,208.0185
"321",1,41,8,12,189.09
"322",1,282,17,12,0
"323",1,8,17,12,3795.5395
"324",1,105,17,12,1122.28
"325",1,1,1,12,42.22
"326",1,9,17,12,523.120169
"327",1,238,17,12,185.845
"328",1,283,17,12,103.928
"329",1,494,17,12,2.09209
"330",1,1174,17,12,0.521664
"331",1,616,17,12,0.521664
"332",1,1172,17,12,0.347776
"333",1,383,17,12,0.695552
"334",1,30,17,12,835.909
"335",1,948,17,12,117.85
"336",1,180,12,11,52.49307095
"337",1,371,12,11,5.98441825
"338",1,16,1,1,45.4675
"339",1,7,1,1,571.545
"340",1,439,26,1,39.93
"341",1,97,7,1,312.515
"342",1,25,1,1,63.755
"343",1,32,7,1,291.145
"344",1,78,1,1,0
"345",1,342,6,1,0
"346",1,283,1,1,0
"347",1,197,1,1,123.2
"348",1,579,2,1,11.75
"349",1,109,7,1,11.46
"350",1,108,16,1,128.0075
"351",1,141,1,1,27.39
"352",1,9,5,2,65.16
"353",5,336,1,4,0
"354",5,21,26,12,22.92
"355",5,336,17,12,69.023
"356",5,2,2,1,37.67
"357",6,71,2,6,198.7085
"358",6,138,2,6,58.629
"359",6,24,2,5,68.9155
"360",6,837,7,5,0
"361",6,648,15,5,3.533
"362",6,307,2,12,73.0495
"363",6,331,2,12,20.36
"364",6,382,26,12,0
"365",6,143,17,12,302.1225877
"366",6,48,17,12,1321.691688
"367",6,296,17,12,54.71784525
"368",6,88,17,12,336.3688765
"369",6,77,17,11,189.7098336
"370",6,15,12,11,3.8306169
"371",6,26,2,2,0
"372",4,24,2,3,16.37
"373",4,724,1,3,10.987
"374",4,195,21,8,87.1725
"375",4,204,1,4,0
"376",4,195,21,4,17.6
"377",4,3,2,10,48.6825
"378",4,830,20,10,0
"379",4,391,20,10,7.265
"380",4,1045,17,12,7334.9895
"381",4,87,17,12,72.208928
"382",4,213,17,12,5.538753
"383",4,519,17,12,32.5760732
"384",4,117,17,12,906.7005
"385",4,599,17,12,42.06
"386",4,112,17,12,232.663
"387",4,282,6,1,13.738
"388",4,193,1,1,5.39
"389",4,105,1,2,104.765
"390",4,598,2,2,20.22
"391",4,21,3,2,13.285
"392",4,198,10,2,20.74
"393",8,168,10,6,37.074
"394",8,453,1,6,5.058
"395",8,168,10,9,224.524
"396",8,113,2,9,0
"397",8,799,15,9,1.246
"398",8,636,2,9,1.533
"399",8,362,20,9,3.522
"400",8,749,20,9,3.927
"401",8,94,17,12,1324.83
"402",8,450,17,12,60.1987316
"403",8,445,17,12,0.0636029
"404",8,901,17,12,0.0636029
"405",8,87,17,12,0.1272058
"406",8,1212,17,12,0.0636029
"407",8,1191,17,12,0.0636029
"408",15,445,17,12,0.175098
"409",15,1209,17,12,0.175098
"410",15,317,17,12,0.525294
"411",15,449,17,12,0.350196
"412",15,1160,17,12,0.175098
"413",15,1164,17,12,0.175098
"414",15,1198,17,12,0.175098
"415",15,1179,17,12,0.175098
"416",15,371,17,12,0.525294
"417",3,115,6,8,0
"418",3,3,2,6,334.46
"419",3,370,7,6,23.55
"420",3,272,6,6,50.475
"421",3,394,2,6,0
"422",3,191,20,6,0
"423",3,595,6,6,9.86
"424",3,217,2,5,120.4975
"425",3,130,2,5,109.2475
"426",3,219,2,5,386.735
"427",3,173,6,5,59.56
"428",3,205,1,5,0
"429",3,157,2,5,77.835
"430",3,37,6,5,0
"431",3,343,2,5,44.4275
"432",3,202,6,5,0
"433",3,3,2,5,4.495
"434",3,617,2,5,0
"435",3,896,10,5,7.8875
"436",3,328,2,5,9.1875
"437",3,134,11,5,0
"438",3,499,3,5,44.6825
"439",3,484,2,5,27.605
"440",3,183,17,5,0
"441",3,168,10,5,7.2125
"442",3,217,3,5,3.4675
"443",3,733,2,5,0
"444",3,459,2,5,7.59
"445",3,217,6,5,9.79
"446",3,277,7,10,0
"447",3,130,2,10,18.515
"448",3,35,2,10,6.43
"449",3,70,10,9,19.935
"450",3,24,17,12,2146.318766
"451",3,134,17,12,306.5658514
"452",3,308,17,12,16.684343
"453",3,992,2,12,4.06
"454",3,67,17,12,571.2382472
"455",3,115,17,12,827.4529196
"456",3,11,17,12,2.505
"457",3,807,17,12,13.107
"458",3,272,17,12,113.9317718
"459",3,473,17,12,26.57819625
"460",3,322,17,12,14.71247575
"461",3,213,17,12,58.93943125
"462",3,642,17,12,1.72881105
"463",3,199,17,12,122.595
"464",3,164,17,12,60.18
"465",3,472,17,12,33.557013
"466",3,499,17,12,30.39677395
"467",3,290,17,12,92.995
"468",3,173,6,7,22.817
"469",3,26,2,7,16.451
"470",3,15,12,11,1.9226075
"471",3,485,17,11,1.32881
"472",3,26,2,2,92.55
"473",3,324,10,2,0
"474",3,353,2,2,15.93
"475",3,617,2,2,2.6125
"476",7,881,11,10,0
"477",7,1169,15,10,0
"478",7,191,6,10,36.8025
"479",7,35,2,10,92.46
"480",7,515,21,10,0
"481",7,1045,17,12,2118.851704
"482",7,92,17,12,172.922
"483",7,65,17,12,737.849466
"484",7,492,17,12,1830.8635
"485",7,15,17,12,61.16231205
"486",7,152,17,12,1354.691957
"487",7,24,17,12,1440.5215
"488",7,70,17,12,541.575
"489",7,200,17,12,630.9185
"490",7,225,17,12,23.185
"491",7,202,17,12,48.88491875
"492",7,298,17,12,43.469
"493",7,216,17,12,49.345
"494",7,149,17,12,72.285
"495",7,786,17,12,3.026875
"496",7,144,6,7,53.545
"497",7,29,10,7,171.1475
"498",7,152,6,7,25.5225
"499",7,241,1,7,22.03
"500",7,315,5,7,0
"501",7,97,6,7,61.20073755
"502",7,514,6,7,31.595
"503",7,765,2,7,0
"504",7,124,6,7,1.715
"505",7,486,6,7,32.1675
"506",7,79,8,1,305.37
"507",7,24,2,1,215.3325
"508",7,37,3,1,0
"509",7,137,1,2,10.11
"510",7,35,2,2,63.735
"511",7,1,1,2,364.13
"512",7,33,2,2,28.015
"513",7,274,6,2,21.08
"514",7,236,2,2,24.3725
"515",7,284,2,2,65.5625
"516",7,246,2,2,9.365
"517",2,86,1,3,3.44
"518",2,91,7,8,5.186
"519",2,85,17,12,1578.058
"520",2,67,17,12,159.9485
"521",2,194,17,12,215.7075
"522",2,77,17,12,52.14691895
"523",2,5,17,12,945.81
"524",2,77,12,11,10.250615
"525",2,6,1,1,391.6825
"526",2,24,2,2,446.67
"527",2,21,3,2,64.3625
"528",1,13,6,4,243.345
"529",1,3,2,10,42.4075
"530",1,3,17,12,19239.5349
"531",1,5,17,12,2960.24003
"532",1,1,26,12,35.96
"533",1,25,17,12,1502.278
"534",1,435,17,12,2.3995204
"535",1,47,17,12,469.46
"536",1,116,17,12,831.0435
"537",1,179,17,12,286.0369983
"538",1,20,17,12,2264.0685
"539",1,41,17,12,3970.485081
"540",1,110,17,12,4192.041
"541",1,139,17,12,44.2200786
"542",1,993,17,12,43.625
"543",1,18,17,12,861.9595
"544",1,90,17,12,1155.439
"545",1,374,17,12,0.521664
"546",1,691,17,12,1.564992
"547",1,98,17,12,2.09209
"548",1,411,17,12,1.046045
"549",1,86,17,12,53.0645
"550",1,274,17,12,19.094598
"551",1,1157,17,12,8.9369625
"552",1,342,17,12,44.02
"553",1,116,1,7,313.1755
"554",1,1,1,7,21.38
"555",1,294,14,7,21.69
"556",1,767,17,11,7.0162145
"557",1,317,12,11,0.4952622
"558",1,376,12,11,4.675
"559",1,74,7,1,22.09
"560",1,993,4,1,0
"561",1,86,6,1,64.66293
"562",1,45,6,1,716.09
"563",1,8,1,1,1388.158152
"564",1,90,7,1,137.1
"565",1,198,20,1,0
"566",1,107,6,1,0
"567",1,789,2,1,3.75
"568",5,126,17,12,92.912
"569",5,21,17,12,993.907
"570",5,470,17,12,0.20583855
"571",5,322,17,12,1.5121734
"572",5,1165,12,11,0
"573",5,96,3,2,3.2725
"574",6,56,2,6,324.845
"575",6,48,9,6,0
"576",6,276,20,6,90.385
"577",6,328,2,6,75.5845
"578",6,168,10,6,41.75
"579",6,509,7,6,8.34
"580",6,321,11,6,0
"581",6,454,19,6,5.17
"582",6,249,2,5,41.902
"583",6,388,3,5,0
"584",6,279,7,5,0
"585",6,111,26,12,32.65012605
"586",6,111,17,12,266.938639
"587",6,249,17,12,202.1673688
"588",6,281,17,12,88.0045
"589",6,404,17,12,17.27619725
"590",6,328,17,12,88.27256085
"591",6,91,17,12,244.2626816
"592",6,490,17,12,74.4895
"593",6,745,17,12,20.969
"594",6,129,17,12,157.83
"595",6,168,17,12,104.98
"596",6,3,2,1,0
"597",10,89,2,6,4.96
"598",4,599,1,12,0
"599",4,73,17,12,423.4795
"600",4,585,17,12,201.5225
"601",4,400,17,12,201.605
"602",4,830,17,12,21.375
"603",4,391,17,12,126.75
"604",4,213,17,11,0.66636
"605",4,73,7,1,211.765
"606",4,68,8,1,0
"607",4,112,1,1,0
"608",4,599,1,2,0
"609",4,117,1,2,9.0125
"610",4,204,11,2,4.52
"611",9,398,17,12,113.197
"612",8,332,2,6,27.338
"613",8,94,2,9,16.584
"614",8,301,2,9,81.767
"615",8,421,7,9,9.985
"616",8,97,7,9,0
"617",8,42,17,12,1365.985812
"618",8,799,17,12,5.9299474
"619",8,168,17,12,90.8357248
"620",8,310,17,12,181.093
"621",8,997,17,12,4.8793857
"622",8,42,26,12,161.0861143
"623",8,395,17,12,4.908897
"624",8,1196,17,12,0.0636029
"625",8,180,17,12,0.1908087
"626",8,1180,17,12,0.0636029
"627",8,403,17,12,0.0636029
"628",8,1162,17,12,0.0636029
"629",8,1163,17,12,0.1908087
"630",8,1198,17,12,0.0636029
"631",8,3,17,12,0.1272058
"632",8,1189,17,12,0.0636029
"633",8,1202,17,12,0.0636029
"634",8,1190,17,12,0.0636029
"635",15,1045,17,12,692.5415
"636",15,901,17,12,0.175098
"637",15,1158,17,12,0.175098
"638",15,1204,17,12,0.175098
"639",15,254,17,12,0.525294
"640",15,277,17,12,0.525294
"641",15,201,17,12,0.350196
"642",15,996,17,12,0.525294
"643",15,1173,17,12,0.175098
"644",15,1206,17,12,0.175098
"645",15,1163,17,12,0.525294
"646",15,650,17,12,0.525294
"647",15,1189,17,12,0.175098
"648",15,860,17,12,0.175098
"649",3,44,2,6,7.695
"650",3,321,6,6,15.535
"651",3,202,6,6,98.7704265
"652",3,761,2,6,0
"653",3,430,2,5,88.2025
"654",3,44,2,5,0
"655",3,44,14,5,70.07
"656",3,636,2,5,38.6175
"657",3,893,24,5,0
"658",3,454,19,5,10.875
"659",3,475,24,5,0
"660",3,37,3,5,5.455
"661",3,306,2,5,1.4925
"662",3,778,2,5,6.2725
"663",3,37,10,5,8.05
"664",3,473,2,10,8.385
"665",3,94,2,10,2.9875
"666",3,382,26,12,0
"667",3,35,17,12,164.5380648
"668",3,1173,17,12,2.505
"669",3,191,17,12,17.979511
"670",3,565,17,12,45.1776846
"671",3,435,17,12,4.68531175
"672",3,430,17,12,41.6547852
"673",3,3,17,12,222.96149
"674",3,343,17,12,8.41572
"675",3,633,17,12,1.67418
"676",3,595,17,12,5.740596
"677",3,97,17,12,31.246
"678",3,739,16,7,3.23
"679",3,322,12,11,3.804205
"680",3,115,6,2,20.3225
"681",3,472,11,2,0
"682",7,240,5,8,3.001
"683",7,29,6,8,7.59675
"684",7,75,13,10,209.5874015
"685",7,430,2,10,23.8
"686",7,326,3,10,0
"687",7,37,17,12,2660.984723
"688",7,51,17,12,519.020478
"689",7,522,17,12,197.6894196
"690",7,475,17,12,214.0665
"691",7,275,17,12,60.3655166
"692",7,191,17,12,806.131382
"693",7,326,17,12,75.2415
"694",7,86,17,12,23.08
"695",7,353,17,12,154.9025
"696",7,170,17,12,28.9325
"697",7,180,17,12,3.5860625
"698",7,43,17,12,1.50575
"699",7,98,17,12,1.5255625
"700",7,485,17,12,1.1293125
"701",7,271,17,12,128.2151345
"702",7,1004,17,12,46.06582095
"703",7,695,17,12,0.91125
"704",7,765,17,12,19.335
"705",7,442,6,7,45.0325
"706",7,174,6,7,18.9425
"707",7,37,6,7,49.9715
"708",7,79,8,7,0
"709",7,246,6,7,22.575
"710",7,180,12,11,10.6442263
"711",7,435,17,11,4.203163
"712",7,51,6,1,169.8125
"713",7,170,2,2,26.435
"714",7,289,6,2,93.0825
"715",7,353,6,2,53.7165
"716",7,70,10,2,21.0525
"717",7,92,2,2,21.11
"718",7,37,2,2,0
"719",7,246,6,2,35.075
"720",7,181,1,2,18.5525
"721",2,85,3,8,145.8515
"722",2,202,6,8,5.4945494
"723",2,155,2,8,2.275
"724",2,567,2,10,3.8225
"725",2,147,2,10,21.1275
"726",2,26,17,12,4077.330697
"727",2,155,17,12,199.766
"728",2,66,17,12,992.2600638
"729",2,40,17,12,1011.0515
"730",2,3,17,12,1256.239
"731",2,130,17,12,965.212
"732",2,288,17,12,89.6675
"733",2,226,17,12,500.1337586
"734",2,247,17,12,196.415
"735",2,180,17,12,5.59294295
"736",2,92,17,12,53.9395
"737",2,57,17,12,1023.36
"738",2,95,17,12,274.275
"739",2,103,6,7,41.19
"740",2,15,12,11,19.007805
"741",2,5,4,1,0
"742",2,31,2,2,53.47
"743",2,2,2,2,88.0182755
"744",2,229,2,2,0
"745",2,3,2,2,69.34
"746",2,92,2,2,4.855
"747",2,516,2,2,15.4625
"748",2,366,7,2,29.63
"749",1,16,1,4,548.5002204
"750",1,557,17,12,15.1945451
"751",1,317,17,12,0.2232112
"752",1,470,17,12,15.0109532
"753",1,485,17,12,0.3348168
"754",1,15,17,12,114.3424508
"755",1,7,17,12,1051.0505
"756",1,992,17,12,141.42
"757",1,76,17,12,13.369831
"758",1,543,17,12,0.521664
"759",1,1176,17,12,0.695552
"760",1,108,17,12,81.6125
"761",1,5,4,7,0
"762",1,519,17,11,52.27832815
"763",1,213,17,11,87.6614094
"764",1,1,1,1,457.8568835
"765",1,14,7,1,590.605
"766",1,78,6,1,0
"767",1,41,3,1,13.7875
"768",1,95,6,1,78.45
"769",1,110,4,1,0
"770",1,349,1,1,4.075
"771",1,154,7,1,29.81
"772",1,80,1,1,585.32845
"773",1,372,7,1,0
"774",1,74,2,1,18.995
"775",1,41,11,1,38.4525
"776",1,101,7,1,0
"777",1,90,1,1,70.21
"778",1,343,2,2,13.825
"779",1,76,5,2,5.8475
"780",1,232,2,2,35.6645
"781",1,59,2,2,2.609739
"782",1,579,2,2,18.355
"783",5,2,17,12,71.32
"784",5,15,17,12,5.61952695
"785",5,1045,17,2,0
"786",5,2,2,2,34.4075
"787",12,1045,17,12,557.8305
"788",6,44,2,6,268.2055
"789",6,430,2,5,20.15
"790",6,88,7,5,41.63
"791",6,75,5,5,6.012
"792",6,362,2,5,28.3225
"793",6,490,2,5,1.6815
"794",6,44,26,12,472.370411
"795",6,307,17,12,144.5675
"796",6,71,17,12,924.2223607
"797",6,653,17,12,44.72
"798",6,159,17,12,218.1418458
"799",6,430,17,12,200.9825
"800",6,382,17,12,50.03
"801",6,173,2,7,15.6975
"802",6,464,17,11,24.3655689
"803",6,487,17,11,36.16261875
"804",4,195,21,10,181.855
"805",4,117,1,10,34.295
"806",4,195,21,12,235.3055874
"807",4,391,26,12,31.0735
"808",4,77,17,12,248.3412734
"809",4,767,17,12,3.897641
"810",4,663,17,12,19.69
"811",4,195,17,12,289.3645257
"812",4,434,17,12,26.3865
"813",4,245,17,12,63.051
"814",4,87,12,11,8.68736
"815",4,206,11,1,112.2765
"816",4,89,2,1,0
"817",4,434,2,2,41.1
"818",8,94,2,6,173.466
"819",8,64,2,6,21.412
"820",8,301,2,6,70.352
"821",8,42,2,9,272.5785
"822",8,799,2,9,5.378
"823",8,577,7,9,0
"824",8,64,17,12,3173.75617
"825",8,421,17,12,153.2575881
"826",8,1194,17,12,0.1272058
"827",8,109,17,12,0.0636029
"828",8,375,17,12,0.1272058
"829",8,1160,17,12,0.0636029
"830",8,1158,17,12,0.0636029
"831",8,1181,17,12,0.1272058
"832",8,1174,17,12,0.1908087
"833",8,1164,17,12,0.0636029
"834",8,996,17,12,0.1908087
"835",8,309,17,12,0.1272058
"836",8,266,17,12,0.0636029
"837",8,1201,17,12,0.0636029
"838",8,167,17,12,0.0636029
"839",8,1208,17,12,0.0636029
"840",15,1195,17,12,0.525294
"841",15,109,17,12,0.175098
"842",15,1168,17,12,0.350196
"843",15,1207,17,12,0.175098
"844",15,87,17,12,0.350196
"845",15,374,17,12,0.525294
"846",15,1212,17,12,0.175098
"847",15,333,17,12,0.175098
"848",3,115,6,6,56.083
"849",3,304,1,6,56.22
"850",3,563,1,6,0
"851",3,430,2,6,0
"852",3,115,20,6,80.3165
"853",3,604,10,6,10.235
"854",3,308,2,6,16.17
"855",3,26,2,5,229.1375
"856",3,685,11,5,0
"857",3,17,2,5,481.3975
"858",3,619,2,5,18.49
"859",3,1045,17,5,0
"860",3,612,2,5,10.2025
"861",3,653,2,5,0
"862",3,353,20,5,11.833
"863",3,548,6,5,0
"864",3,516,2,5,13.835
"865",3,251,2,5,24.4625
"866",3,531,10,5,112.185
"867",3,67,6,5,9.645
"868",3,454,7,5,27.7925
"869",3,807,21,10,9.995
"870",3,1045,17,12,4950.347372
"871",3,704,1,12,0
"872",3,778,17,12,1.1488351
"873",3,236,17,12,145.1039847
"874",3,217,17,12,85.2761074
"875",3,460,17,12,7.22769435
"876",3,74,17,12,66.22898495
"877",3,71,17,12,540.0485869
"878",3,44,17,12,72.0497613
"879",3,94,17,12,44.7760215
"880",3,842,17,12,2.59870725
"881",3,396,17,12,46.14
"882",3,571,17,12,30.8574035
"883",3,470,17,12,36.766268
"884",3,636,17,12,54.84141395
"885",3,251,17,12,41.59872795
"886",3,388,17,12,1.86739205
"887",3,454,17,12,56.6029697
"888",3,516,17,12,1.2287675
"889",3,457,17,12,40.96304805
"890",3,459,17,12,4.9198022
"891",3,1045,17,11,0
"892",3,470,12,11,1.437615
"893",3,66,2,2,0
"894",3,353,20,2,16.755
"895",3,67,2,2,1.32
"896",7,264,3,8,2.903
"897",7,323,1,10,13.725
"898",7,130,2,10,1.345
"899",7,29,17,12,6293.66823
"900",7,240,17,12,293.993
"901",7,1187,17,12,2.4607506
"902",7,615,17,12,45.335
"903",7,455,17,12,41.8831235
"904",7,218,17,12,132.9725
"905",7,210,17,12,42.145
"906",7,685,17,12,22.17
"907",7,435,17,12,1.41659375
"908",7,190,17,12,1.41659375
"909",7,271,22,7,87.76976825
"910",7,218,15,7,7.9825
"911",7,330,7,7,4.99
"912",7,786,6,7,3.945
"913",7,43,17,11,4.4758006
"914",7,213,17,11,6.6228217
"915",7,87,12,11,19.7207864
"916",7,37,6,2,538.809
"917",7,2,2,2,514.991
"918",7,353,1,2,0
"919",7,492,1,2,156.0225
"920",7,246,13,2,5.0475
"921",7,368,5,2,17.9875
"922",2,175,5,8,97.3835
"923",2,40,3,8,86.8975
"924",2,265,3,8,5.525
"925",2,220,6,10,31.375
"926",2,1045,17,12,3004.4213
"927",2,9,17,12,2479.698042
"928",2,173,17,12,113.77
"929",2,76,17,12,2622.060029
"930",2,216,17,12,70.4895
"931",2,975,17,12,4.474
"932",2,15,17,12,96.69648765
"933",2,35,17,12,6.985
"934",2,516,17,12,24.37
"935",2,180,12,11,1.099415
"936",2,767,17,11,0.425785
"937",2,34,4,1,0
"938",2,26,2,2,535.19
"939",2,288,2,2,49.08
"940",2,173,2,2,7.795
"941",2,41,4,2,77.525
"942",2,66,8,2,0
"943",2,219,2,2,44.005
"944",2,247,2,2,15.975
"945",1,123,17,12,313.9107528
"946",1,46,17,12,496.9207538
"947",1,201,17,12,35.6021864
"948",1,371,17,12,2.6227316
"949",1,148,17,12,414.625
"950",1,19,17,12,742.755
"951",1,95,17,12,252.756
"952",1,60,17,12,491.83
"953",1,93,1,12,5.275
"954",1,197,17,12,222.64
"955",1,1197,17,12,0.521664
"956",1,248,17,12,0.173888
"957",1,1189,17,12,0.173888
"958",1,193,17,12,19.205
"959",1,116,1,12,70.51
"960",1,245,17,12,7.317
"961",1,77,12,11,382.6018403
"962",1,201,12,11,81.34681635
"963",1,41,8,1,231.935
"964",1,46,1,1,22.765
"965",1,99,1,1,193.045
"966",1,419,1,1,0
"967",1,238,6,1,143.285
"968",1,98,7,1,0
"969",1,948,2,1,0
"970",1,369,2,1,22.37
"971",1,392,7,1,21.935
"972",1,992,2,2,0
"973",5,128,17,12,38.87
"974",5,253,12,11,0
"975",5,69,1,1,453.3075
"976",12,919,17,12,14.254
"977",6,279,19,6,21.419
"978",6,111,2,6,79.0775
"979",6,159,2,6,93.9145
"980",6,308,2,6,34.802
"981",6,28,2,6,8.561
"982",6,372,7,6,20.69
"983",6,26,2,5,307.7115
"984",6,63,2,5,89.022
"985",6,458,2,5,30.317
"986",6,71,2,5,36.817
"987",6,595,2,5,2.1425
"988",6,563,6,5,9.52
"989",6,3,17,12,111.5552365
"990",6,305,17,12,23.67
"991",6,458,17,12,188.367
"992",6,733,17,12,21.124032
"993",6,362,17,12,18.599856
"994",6,1159,2,12,17.605
"995",6,1045,17,2,19.29
"996",10,1045,17,12,95.81
"997",10,89,2,1,8.21
"998",4,23,17,12,1048.84
"999",4,3,17,12,7456.66
"1000",4,15,17,12,41.232939
"1001",4,610,17,12,43.74
"1002",4,102,17,12,73.699
"1003",4,105,17,12,46.875
"1004",4,37,17,12,18.4275
"1005",4,282,17,12,45.878
"1006",4,15,12,11,4.96068
"1007",4,22,1,1,294.315
"1008",8,279,19,6,3.105
"1009",8,768,7,9,0
"1010",8,450,7,9,6.921
"1011",8,362,17,12,40.6136391
"1012",8,279,17,12,1.884097
"1013",8,818,17,12,7.8796881
"1014",8,1168,17,12,0.1272058
"1015",8,1207,17,12,0.0636029
"1016",8,1175,17,12,0.0636029
"1017",8,551,17,12,0.1272058
"1018",8,1193,17,12,0.0636029
"1019",8,369,17,12,0.2544116
"1020",8,248,17,12,0.0636029
"1021",8,371,17,12,0.1908087
"1022",15,1181,17,12,0.350196
"1023",15,1170,17,12,0.350196
"1024",15,403,17,12,0.175098
"1025",15,377,17,12,0.350196
"1026",15,266,17,12,0.175098
"1027",15,167,17,12,0.175098
"1028",15,1203,17,12,0.175098
"1029",15,1191,17,12,0.175098
"1030",3,28,2,6,557.5475
"1031",3,71,2,6,217.2575
"1032",3,321,11,6,0
"1033",3,37,6,6,31.59
"1034",3,530,1,6,2.0425
"1035",3,668,2,6,2.2425
"1036",3,386,2,5,1.51
"1037",3,70,10,5,1425.856
"1038",3,314,1,5,133.27
"1039",3,168,1,5,20.465
"1040",3,236,2,5,121.605
"1041",3,24,2,5,391.5771235
"1042",3,370,7,5,52.9734325
"1043",3,210,2,5,16.355
"1044",3,509,7,5,7.825
"1045",3,292,2,5,19.195
"1046",3,370,2,5,0
"1047",3,490,2,5,0
"1048",3,450,7,5,13.4865675
"1049",3,565,24,5,0
"1050",3,130,3,5,16.42
"1051",3,198,21,5,1.695
"1052",3,639,24,5,2.7475
"1053",3,396,2,5,51.375
"1054",3,344,2,5,50.5925
"1055",3,633,15,5,10.985
"1056",3,920,20,10,0
"1057",3,219,2,10,17.1275
"1058",3,157,17,12,305.6600976
"1059",3,261,17,12,62.27750585
"1060",3,70,26,12,344.246
"1061",3,159,17,12,281.7990031
"1062",3,321,17,12,38.5348878
"1063",3,77,17,12,34.856332
"1064",3,198,17,12,13.9009255
"1065",3,824,17,12,2.17606565
"1066",3,210,17,12,61.7630331
"1067",3,384,17,12,50.91
"1068",3,619,17,12,3.69635475
"1069",3,115,6,7,1.0175
"1070",3,115,2,7,7.87
"1071",3,767,17,11,0.233815
"1072",7,475,24,8,3.757
"1073",7,430,13,10,64.5175
"1074",7,321,6,10,7.2635
"1075",7,37,6,10,16.3175
"1076",7,83,6,10,5.1225
"1077",7,97,17,12,1037.89767
"1078",7,1,17,12,619.25
"1079",7,79,17,12,478.76
"1080",7,137,17,12,116.3165
"1081",7,246,17,12,406.3165
"1082",7,77,17,12,34.0576875
"1083",7,487,17,12,0.44578125
"1084",7,267,6,7,78.22075
"1085",7,826,2,7,0
"1086",7,352,17,11,9.1333596
"1087",7,3,2,1,0
"1088",7,144,6,2,176.925
"1089",7,298,2,2,14.1075
"1090",7,3,2,2,461.76
"1091",7,191,6,2,109.8275
"1092",7,492,20,2,0
"1093",7,353,4,2,18.745
"1094",2,76,5,8,10.4475
"1095",2,263,17,12,81.449
"1096",2,202,17,12,341.8455
"1097",2,2,17,12,1002.34
"1098",2,52,17,12,19.215
"1099",2,470,17,12,7.53269195
"1100",2,219,17,12,88.5
"1101",2,21,17,12,252.0925
"1102",2,103,17,12,187.045
"1103",2,100,17,12,53.404
"1104",2,226,2,7,6.8535
"1105",2,173,2,7,2.0445
"1106",2,147,2,2,31.545
"1107",2,67,7,2,26.56
"1108",2,96,3,2,6.215
"1109",1,2,17,12,12608.01681
"1110",1,419,17,12,14.2805875
"1111",1,13,17,12,778.99
"1112",1,14,17,12,2767.482
"1113",1,352,17,12,4.8548436
"1114",1,266,17,12,3.4597736
"1115",1,382,26,12,233.715
"1116",1,132,17,12,222.691976
"1117",1,153,17,12,16.68
"1118",1,343,17,12,107.205
"1119",1,12,17,12,1.567709
"1120",1,1178,17,12,0.173888
"1121",1,1185,17,12,0.872157
"1122",1,1156,17,12,64.3728075
"1123",1,1188,17,12,15.61523
"1124",1,602,17,12,97.073
"1125",1,79,17,12,66.3005626
"1126",1,160,17,12,113.9575
"1127",1,180,17,11,79.2186385
"1128",1,322,12,11,139.568455
"1129",1,105,1,1,204.1475
"1130",1,5,4,1,96.312596
"1131",1,413,1,1,0
"1132",1,234,1,1,202.557
"1133",1,300,7,1,8.9
"1134",1,557,1,1,3.305
"1135",1,2,2,2,1411.374
"1136",5,1045,17,10,0
"1137",5,1045,17,12,56.914
"1138",5,336,13,12,10.9
"1139",5,203,17,12,131.851
"1140",5,21,3,7,46.3715
"1141",5,235,1,1,36.66
"1142",6,307,2,6,2.394
"1143",6,143,2,6,108.182
"1144",6,507,2,6,31.875
"1145",6,91,2,6,252.7970595
"1146",6,173,2,6,122.0365
"1147",6,35,2,6,165.013
"1148",6,490,2,6,1.4955
"1149",6,129,1,6,27.1555
"1150",6,370,2,5,7.804
"1151",6,279,19,5,41.325
"1152",6,509,7,5,0
"1153",6,523,7,5,0
"1154",6,459,2,5,1.061
"1155",6,305,1,5,29.1
"1156",6,291,2,10,15.416
"1157",6,26,17,12,1331.188563
"1158",6,115,17,12,492.0925286
"1159",6,113,17,12,836.4915
"1160",6,276,17,12,466.9555
"1161",6,213,17,11,53.97069945
"1162",10,89,2,10,6.19
"1163",4,610,6,3,88.62
"1164",4,204,11,4,14.86
"1165",4,2,17,12,636.893
"1166",4,89,17,12,1146.346345
"1167",4,22,17,12,947.745
"1168",4,305,17,12,37.7975
"1169",4,218,15,7,116.015
"1170",4,519,17,11,3.919184
"1171",4,68,11,1,0
"1172",4,305,19,1,0
"1173",4,2,2,2,312.3765
"1174",9,417,2,8,1.8065
"1175",9,596,17,12,62.54041305
"1176",9,417,17,12,292.141
"1177",8,56,2,6,8.58
"1178",8,276,20,6,6.15
"1179",8,287,7,9,0
"1180",8,768,2,9,5.148
"1181",8,317,17,12,0.1908087
"1182",8,1008,17,12,0.0636029
"1183",8,1192,17,12,0.0636029
"1184",8,277,17,12,0.1908087
"1185",8,907,17,12,0.1272058
"1186",8,798,17,12,0.1272058
"1187",8,1184,17,12,0.0636029
"1188",8,255,17,12,0.1272058
"1189",15,1196,17,12,0.175098
"1190",15,77,17,12,0.525294
"1191",15,1154,17,12,0.175098
"1192",15,322,17,12,0.525294
"1193",15,1162,17,12,0.175098
"1194",15,908,17,12,0.175098
"1195",15,1182,17,12,0.525294
"1196",15,15,17,12,0.525294
"1197",3,173,2,6,392.774
"1198",3,24,2,6,192.085
"1199",3,490,2,6,8.0475
"1200",3,450,7,6,1.8975
"1201",3,130,20,5,0
"1202",3,277,7,5,0
"1203",3,28,2,5,134.6425
"1204",3,824,24,5,0
"1205",3,387,2,5,13.18
"1206",3,261,2,5,17.6
"1207",3,389,2,5,6.4875
"1208",3,295,2,5,86.6425
"1209",3,472,11,5,4.7625
"1210",3,353,2,5,3.895
"1211",3,457,1,5,8.0425
"1212",3,407,24,5,1.4075
"1213",3,842,11,5,6.005
"1214",3,17,17,12,784.0516591
"1215",3,278,17,12,141.6295
"1216",3,485,17,12,33.99089225
"1217",3,767,17,12,5.96855
"1218",3,394,17,12,2.811024
"1219",3,345,17,12,59.995
"1220",3,256,17,12,23.76299805
"1221",3,364,17,12,52.069
"1222",3,353,17,12,277.8955
"1223",3,754,17,12,5.3386278
"1224",3,324,17,12,8.1875
"1225",3,496,24,7,3.31
"1226",3,213,17,11,2.30574
"1227",3,487,17,11,0.895905
"1228",3,77,12,11,1.3623775
"1229",3,100,2,2,0
"1230",3,74,2,2,0
"1231",3,83,6,2,0
"1232",7,240,20,8,8.706
"1233",7,615,21,8,0
"1234",7,191,6,6,49.8125
"1235",7,75,5,10,129.84
"1236",7,65,5,10,357.7850985
"1237",7,29,6,10,23.435
"1238",7,253,17,12,279.415922
"1239",7,75,17,12,1225.305534
"1240",7,148,17,12,324.217
"1241",7,292,17,12,20.2
"1242",7,613,17,12,15.715
"1243",7,352,17,12,3.08084375
"1244",7,541,17,12,0.14859375
"1245",7,148,15,7,110.921
"1246",7,271,11,7,0
"1247",7,246,13,7,7.3125
"1248",7,103,6,7,125.2775
"1249",7,140,6,7,38.205
"1250",7,475,24,7,11.045
"1251",7,522,6,7,18.235
"1252",7,202,6,7,10.455
"1253",7,275,6,7,9.071
"1254",7,487,17,11,1.3291083
"1255",7,200,6,2,260.46
"1256",7,152,6,2,93.57
"1257",7,292,2,2,0
"1258",7,200,13,2,0
"1259",7,37,3,2,29.715
"1260",7,140,6,2,21.21
"1261",2,95,6,3,0
"1262",2,226,8,8,2.637
"1263",2,91,2,8,5.565
"1264",2,447,2,8,18.3535
"1265",2,204,2,4,20.9
"1266",2,202,6,4,0
"1267",2,1045,17,10,18.665
"1268",2,31,17,12,1097.969
"1269",2,41,17,12,390.93
"1270",2,373,17,12,77.28
"1271",2,114,17,12,78.179
"1272",2,91,17,12,158.1756695
"1273",2,267,17,12,238.0768053
"1274",2,6,17,12,1182.8775
"1275",2,1156,17,12,51.3505
"1276",2,322,12,11,14.661193
"1277",2,713,17,11,1.10577
"1278",2,317,12,11,0.425785
"1279",2,66,2,2,151.3975
"1280",2,130,2,2,153.8965
"1281",2,114,2,2,43.1375
"1282",2,204,2,2,30.0275
"1283",2,202,6,2,7.3725
"1284",2,220,6,2,66.9875
"1285",1,139,1,4,130.172
"1286",1,1045,17,12,3369.493422
"1287",1,80,17,12,934.9031036
"1288",1,1,17,12,2390.1265
"1289",1,16,17,12,2834.57431
"1290",1,213,17,12,38.3365236
"1291",1,325,17,12,297.7670366
"1292",1,78,17,12,273.67
"1293",1,6,17,12,1692.839884
"1294",1,11,1,12,66.28
"1295",1,68,17,12,19.015
"1296",1,232,17,12,74.4845
"1297",1,198,17,12,141.9765
"1298",1,11,17,12,533.8941319
"1299",1,63,17,12,164.873
"1300",1,99,17,12,163.2975
"1301",1,445,17,12,1.915485
"1302",1,1154,17,12,0.695552
"1303",1,1180,17,12,0.347776
"1304",1,908,17,12,0.347776
"1305",1,242,17,12,273.915
"1306",1,252,17,12,136.8365
"1307",1,97,17,12,160.0755
"1308",1,372,17,12,42.365
"1309",1,266,12,11,7.96546705
"1310",1,87,12,11,8.7496322
"1311",1,255,12,11,16.6738274
"1312",1,3,2,1,2328.879
"1313",1,22,1,1,730.5695
"1314",1,20,1,1,66.1
"1315",1,992,2,1,0
"1316",1,166,6,1,179.1875
"1317",1,110,1,1,23.775
"1318",1,19,6,1,0
"1319",1,41,1,1,326.2425
"1320",1,305,19,1,22.845
"1321",1,41,26,1,70.725
"1322",1,14,1,1,29.72
"1323",1,24,3,2,5.0825
"1324",1,63,2,2,44.6825
"1325",5,69,17,12,1135.8215
"1326",5,82,17,12,23.55
"1327",5,338,12,11,0
"1328",6,24,2,6,733.859619
"1329",6,115,6,6,46.3765
"1330",6,173,6,6,181.464
"1331",6,53,9,6,39.892
"1332",6,404,2,6,39.5315
"1333",6,126,2,5,0
"1334",6,138,2,5,64.73
"1335",6,308,2,5,0
"1336",6,458,1,5,22.487
"1337",6,733,2,5,24.228
"1338",6,63,17,12,1497.675951
"1339",6,173,17,12,504.1015693
"1340",6,56,17,12,343.0723366
"1341",6,1045,17,12,6848.50975
"1342",6,35,17,12,458.9659415
"1343",6,279,17,12,185.9685
"1344",6,97,17,12,1226.501852
"1345",6,291,17,12,43.10566145
"1346",6,199,17,12,11.876
"1347",6,837,17,12,34.867255
"1348",6,458,1,12,21.61
"1349",6,256,17,12,124.660866
"1350",6,507,17,12,184.435
"1351",4,89,2,10,105.0877075
"1352",4,470,17,12,6.4823924
"1353",4,195,26,12,124.06
"1354",4,992,17,12,43.225
"1355",4,204,17,12,194.155
"1356",4,68,17,12,124.087
"1357",4,195,21,7,328.426
"1358",4,77,12,11,29.877608
"1359",4,117,1,1,0
"1360",4,198,1,1,25.485
"1361",4,400,1,2,0
"1362",9,49,8,8,404.4148145
"1363",9,596,8,8,12.30108345
"1364",9,609,8,8,7.5445
"1365",9,398,2,8,40.712
"1366",9,1045,17,12,8712.907
"1367",8,395,20,5,18.883
"1368",8,64,2,9,1256.5965
"1369",8,94,6,9,0
"1370",8,310,24,9,0.672
"1371",8,459,2,9,14.398
"1372",8,421,2,9,0
"1373",8,818,20,9,0
"1374",8,42,20,9,0
"1375",8,562,7,9,4.65579
"1376",8,421,20,9,19.319
"1377",8,381,17,12,226.235412
"1378",8,538,17,12,20.078496
"1379",8,77,17,12,0.1908087
"1380",8,374,17,12,0.1908087
"1381",8,470,17,12,0.0636029
"1382",8,1204,17,12,0.0636029
"1383",8,1170,17,12,0.1272058
"1384",8,1171,17,12,0.0636029
"1385",8,353,17,12,0.0636029
"1386",8,1173,17,12,0.0636029
"1387",8,908,17,12,0.0636029
"1388",8,392,17,12,0.0636029
"1389",8,1199,17,12,0.0636029
"1390",15,375,17,12,0.350196
"1391",15,470,17,12,0.175098
"1392",15,1192,17,12,0.175098
"1393",15,1175,17,12,0.175098
"1394",15,907,17,12,0.350196
"1395",15,353,17,12,0.175098
"1396",15,369,17,12,0.700392
"1397",15,376,17,12,0.175098
"1398",15,3,17,12,0.350196
"1399",15,392,17,12,0.175098
"1400",15,1184,17,12,0.175098
"1401",3,754,2,6,0
"1402",3,71,6,6,111.7075
"1403",3,35,2,6,3.88
"1404",3,495,20,6,35.76
"1405",3,130,2,6,10.7875
"1406",3,595,2,6,4.51
"1407",3,640,2,5,5.5975
"1408",3,722,2,5,0
"1409",3,825,1,5,0
"1410",3,460,1,5,0
"1411",3,183,2,5,259.92
"1412",3,100,2,5,2.385
"1413",3,456,2,5,38.427
"1414",3,164,2,5,0
"1415",3,256,1,5,0
"1416",3,70,1,5,137.12
"1417",3,290,2,5,71.83
"1418",3,223,2,5,8.48
"1419",3,591,6,5,20.095
"1420",3,37,6,10,18.02
"1421",3,387,2,10,0
"1422",3,26,2,10,3.9
"1423",3,373,2,10,7.925
"1424",3,202,17,12,110.1876578
"1425",3,495,17,12,63.91
"1426",3,314,17,12,96.7437667
"1427",3,326,17,12,22.08549565
"1428",3,387,17,12,150.1247711
"1429",3,183,17,12,105.3397238
"1430",3,450,17,12,64.93992815
"1431",3,373,17,12,8.76
"1432",3,304,17,12,98.9835
"1433",3,456,17,12,128.6318462
"1434",3,548,17,12,2.23068585
"1435",3,765,17,12,0.49641815
"1436",3,215,17,12,22.175
"1437",3,617,17,12,17.442
"1438",3,353,4,2,19.0575
"1439",3,130,2,2,0
"1440",7,298,2,8,10.462
"1441",7,729,2,5,24.525
"1442",7,24,2,10,142.12
"1443",7,389,2,10,65.8025
"1444",7,918,13,10,1.28
"1445",7,140,17,12,102.1807134
"1446",7,19,17,12,149.175
"1447",7,144,6,12,0
"1448",7,33,17,12,1627.8665
"1449",7,274,17,12,439.506926
"1450",7,174,17,12,282.4334777
"1451",7,2,17,12,2676.882723
"1452",7,1166,17,12,2.4607506
"1453",7,1178,17,12,2.4607506
"1454",7,255,17,12,4.9215012
"1455",7,208,17,12,685.2015726
"1456",7,289,17,12,331.39
"1457",7,389,17,12,64.344
"1458",7,515,17,12,50.7715
"1459",7,16,17,12,47.899
"1460",7,430,17,12,127.935
"1461",7,137,26,12,55.605
"1462",7,213,17,12,2.22890625
"1463",7,130,17,12,27.025
"1464",7,29,6,7,816.7540125
"1465",7,412,6,7,41.821
"1466",7,319,10,7,19.9575
"1467",7,406,6,7,3.465
"1468",7,238,6,7,16.5925
"1469",7,470,12,11,4.9869961
"1470",7,98,17,11,4.5212402
"1471",7,541,17,11,0.4316762
"1472",7,376,12,11,1.97
"1473",7,19,6,1,8.0875
"1474",7,45,6,1,261.9985
"1475",7,2,3,2,0
"1476",7,24,2,2,185.2555
"1477",7,130,3,2,0
"1478",7,430,2,2,1.93
"1479",7,130,2,2,6.0625
"1480",7,430,13,2,7.2075
"1481",2,4,3,3,2524.723
"1482",2,224,11,8,168.514
"1483",2,194,5,8,0
"1484",2,24,2,10,29.645
"1485",2,382,26,12,54.2265
"1486",2,382,17,12,153.465764
"1487",2,447,17,12,86.73524145
"1488",2,198,17,12,64.496
"1489",2,713,17,12,5.6252721
"1490",2,322,17,12,14.96839645
"1491",2,767,17,12,2.16605305
"1492",2,220,17,12,342.905
"1493",2,147,17,12,173.4395
"1494",2,229,17,12,113.71
"1495",2,470,12,11,1.480715
"1496",2,26,3,2,46.1275
"1497",2,194,5,2,58.335
"1498",2,57,3,2,94.8
"1499",2,67,2,2,12.015
"1500",2,130,6,2,92.045
"1501",1,3,2,3,22.61
"1502",1,87,17,12,5.9424832
"1503",1,439,17,12,19.84
"1504",1,101,17,12,297.25
"1505",1,141,17,12,59.7071514
"1506",1,1177,17,12,0.173888
"1507",1,93,17,12,556.1866442
"1508",1,154,17,12,130.39
"1509",1,15,12,11,91.0537917
"1510",1,470,12,11,34.2556355
"1511",1,352,17,11,11.0608558
"1512",1,435,17,11,5.4478842
"1513",1,485,17,11,0.825437
"1514",1,242,1,1,3.8025
"1515",1,10,1,1,845.6975
"1516",1,24,2,1,618.466
"1517",1,18,1,1,13.8675
"1518",1,93,1,1,828.817814
"1519",1,60,1,1,35.5425
"1520",1,602,3,1,0
"1521",1,41,4,1,4.2525
"1522",1,198,3,1,0
"1523",1,252,2,1,111.8
"1524",1,160,7,1,89.94
"1525",1,95,11,1,0
"1526",1,148,15,1,0
"1527",1,47,7,1,0
"1528",1,3,2,2,1300.92
"1529",1,24,2,2,546.7975
"1530",5,203,16,10,102.8775
"1531",5,335,1,10,0
"1532",5,77,17,12,4.4288922
"1533",5,21,3,2,452.985
"1534",5,128,1,2,8.4725
"1535",6,63,2,6,126.47
"1536",6,97,7,5,160.0135
"1537",6,3,2,5,5.5935
"1538",6,837,2,5,0
"1539",6,454,19,5,3.952
"1540",6,131,2,5,26.0245
"1541",6,63,2,10,6.2
"1542",6,458,2,12,68.286
"1543",6,138,17,12,692.642559
"1544",6,56,2,12,179.1320454
"1545",6,24,17,12,2199.63353
"1546",6,742,17,12,14.33
"1547",6,321,17,12,31.51
"1548",6,509,17,12,16.074993
"1549",6,24,2,1,0
"1550",10,89,17,12,56.9475
"1551",4,198,2,10,1.545
"1552",4,24,17,12,2714.057
"1553",4,96,17,12,45.9055
"1554",4,193,17,12,35.16
"1555",4,767,17,11,0.46892
"1556",4,3,2,1,910.0075
"1557",4,24,2,1,199.8985
"1558",4,68,1,1,0
"1559",4,3,2,2,88.07
"1560",9,388,8,8,0
"1561",9,609,17,12,23.7426575
"1562",8,818,2,9,9.16
"1563",8,659,2,9,5.445
"1564",8,997,2,9,2.702
"1565",8,130,17,12,5.8109358
"1566",8,301,17,12,367.5739543
"1567",8,168,26,12,407.395
"1568",8,992,17,12,91.468
"1569",8,56,17,12,436.2415
"1570",8,332,17,12,39.9706724
"1571",8,660,17,12,4.650534
"1572",8,1195,17,12,0.1908087
"1573",8,1155,17,12,0.0636029
"1574",8,641,17,12,0.0636029
"1575",8,377,17,12,0.1272058
"1576",8,1206,17,12,0.0636029
"1577",8,1182,17,12,0.1908087
"1578",8,1186,17,12,0.0636029
"1579",8,15,17,12,0.1908087
"1580",8,1203,17,12,0.0636029
"1581",8,860,17,12,0.0636029
"1582",8,299,17,12,0.1272058
"1583",15,180,17,12,0.525294
"1584",15,1008,17,12,0.175098
"1585",15,1155,17,12,0.175098
"1586",15,1180,17,12,0.175098
"1587",15,1174,17,12,0.525294
"1588",15,1193,17,12,0.175098
"1589",15,1201,17,12,0.175098
"1590",15,1202,17,12,0.175098
"1591",15,1208,17,12,0.175098
"1592",15,1199,17,12,0.175098
